launch_idx,elapsed_secs,launch_secs,grid,placed_min,placed_med,placed_max,nodes,nodes_per_sec,best_placed
0,0.010,0.006,4096,20,22,38,92588032,15500400702.0,5
1,0.025,0.006,4096,20,22,47,92467200,14794155499.7,38
2,0.041,0.006,4096,20,20,48,91915264,14333666014.6,47
3,0.058,0.011,4096,20,35,75,130388992,11896830805.4,48
4,0.078,0.012,4096,7,18,69,85790720,7390596782.9,75
5,0.086,0.008,4096,9,12,61,50895872,6564808688.0,75
6,0.096,0.010,4096,20,35,67,133385216,13318006542.7,75
7,0.106,0.009,4096,8,10,39,48811008,5473242720.0,75
8,0.121,0.015,4096,25,38,76,158464000,10627295740.7,75
9,0.144,0.006,4096,20,22,40,92659712,15546042080.5,76
10,0.150,0.005,4096,20,22,40,92401664,16972873464.9,76
11,0.156,0.006,4096,20,20,42,91430912,15762224653.0,76
12,0.169,0.013,4096,20,35,77,131980288,10226051813.5,76
13,0.193,0.014,4096,7,18,91,84441088,5968277079.4,77
14,0.214,0.012,4096,9,12,73,50885632,4204047914.6,91
15,0.224,0.010,4096,20,35,77,130215936,13354780687.9,91
16,0.230,0.005,4096,8,10,42,49614848,10659713571.6,91
17,0.245,0.015,4096,15,35,70,144610304,9914519348.0,91
18,0.251,0.005,4096,20,22,48,92904448,17810998503.1,91
19,0.257,0.005,4096,20,22,47,92400640,17161178192.2,91
20,0.262,0.005,4096,20,20,38,91456512,20285807001.6,91
21,0.275,0.013,4096,20,35,77,132225024,10549573772.6,91
22,0.286,0.011,4096,7,18,80,84925440,8008799684.9,91
23,0.292,0.006,4096,9,12,61,50830336,7979290088.1,91
24,0.303,0.010,4096,20,35,77,132222976,12856175575.1,91
25,0.311,0.007,4096,8,10,42,49192960,6873824767.6,91
26,0.326,0.015,4096,18,63,92,230111232,15534915567.0,91
27,0.340,0.007,4096,20,22,38,92655616,13437528561.2,92
28,0.347,0.006,4096,20,22,48,92535808,14264587874.4,92
29,0.353,0.005,4096,20,20,38,91544576,19149549796.8,92
30,0.362,0.009,4096,20,35,77,130935808,14327352068.7,92
31,0.375,0.013,4096,7,18,72,83877888,6619506206.2,92
32,0.383,0.007,4096,9,12,66,51026944,7016391260.6,92
33,0.392,0.009,4096,20,35,73,130569216,14732048304.1,92
34,0.398,0.005,4096,8,10,47,49232896,9433857373.8,92
35,0.417,0.019,4096,15,61,94,246158336,13246486678.8,92
36,0.428,0.005,4096,20,22,38,92773376,20169515160.1,94
37,0.432,0.004,4096,20,22,36,92387328,22409363159.3,94
38,0.439,0.006,4096,20,20,48,91656192,16088848679.7,94
39,0.452,0.013,4096,20,35,77,133379072,10391050079.1,94
40,0.464,0.012,4096,7,18,97,85054464,7148687673.2,94
41,0.483,0.011,4096,9,12,68,51191808,4605679747.9,97
42,0.492,0.008,4096,20,35,67,131858432,16060195879.2,97
43,0.498,0.006,4096,8,10,52,49156096,8368791327.0,97
44,0.519,0.020,4096,18,61,101,270360576,13305054133.2,97
45,0.530,0.004,4096,20,22,38,92604416,21378371983.0,101
46,0.536,0.005,4096,20,22,47,92167168,18189113785.8,101
47,0.540,0.004,4096,20,20,38,91943936,20711610935.7,101
48,0.555,0.014,4096,20,35,79,133368832,9642608135.4,101
49,0.566,0.011,4096,7,18,86,85007360,7861601915.2,101
50,0.574,0.007,4096,9,12,66,50630656,7389626779.8,101
51,0.587,0.013,4096,20,35,77,132002816,10367119027.3,101
52,0.592,0.005,4096,8,10,39,48993280,10832436586.7,101
53,0.605,0.013,4096,30,38,76,200081408,15661124701.6,101
54,0.610,0.004,4096,20,22,38,92669952,20825784703.5,101
55,0.618,0.008,4096,20,22,38,92099584,11618038543.3,101
56,0.624,0.005,4096,20,20,46,91566080,17817615462.4,101
57,0.632,0.008,4096,20,35,66,132431872,16219185544.6,101
58,0.643,0.010,4096,7,18,77,85386240,8352485519.2,101
59,0.654,0.010,4096,9,12,60,50661376,5018534790.1,101
60,0.662,0.008,4096,20,35,69,132023296,15749769819.6,101
61,0.668,0.005,4096,8,10,49,49424384,9265010535.2,101
62,0.688,0.020,4096,35,40,100,174354432,8794251374.0,101
63,0.693,0.004,4096,20,22,38,92665856,21921171566.0,101
64,0.698,0.005,4096,20,22,42,92689408,18961744859.9,101
65,0.703,0.004,4096,20,22,38,92553216,21456416010.5,101
66,0.708,0.005,4096,20,20,44,91475968,19092755265.7,101
67,0.720,0.012,4096,20,35,66,132920320,11421477275.0,101
68,0.732,0.011,4096,7,18,78,85257216,7643633320.6,101
69,0.740,0.008,4096,9,12,75,50914304,6409933940.8,101
70,0.753,0.013,4096,20,35,77,133535744,10572024947.7,101
71,0.759,0.005,4096,8,10,39,49167360,10537736316.1,101
72,0.770,0.011,4096,25,38,76,158527488,14026391942.2,101
73,0.775,0.004,4096,20,23,38,93039616,21997526450.2,101
74,0.780,0.004,4096,20,22,38,92264448,22522074401.3,101
75,0.788,0.008,4096,20,20,38,91581440,11612700833.6,101
76,0.798,0.010,4096,20,35,77,132722688,13860042719.6,101
77,0.809,0.011,4096,7,18,81,85409792,7950459607.7,101
78,0.818,0.008,4096,9,12,64,51043328,6208268475.5,101
79,0.829,0.011,4096,20,35,77,131573760,12053720477.8,101
80,0.835,0.006,4096,8,10,48,48628736,8832789299.5,101
81,0.846,0.011,4096,15,35,67,145593344,13701953822.3,101
82,0.852,0.005,4096,20,22,38,92953600,18028847366.1,101
83,0.859,0.007,4096,20,22,38,92353536,13776563583.8,101
84,0.864,0.005,4096,20,20,40,91085824,19836946716.8,101
85,0.873,0.008,4096,20,35,67,131778560,15641238436.9,101
86,0.886,0.013,4096,7,18,93,85855232,6798162003.0,101
87,0.897,0.011,4096,9,12,79,50750464,4636277024.1,101
88,0.906,0.008,4096,20,35,69,132550656,15802228371.4,101
89,0.911,0.005,4096,8,10,39,49258496,10905869246.0,101
90,0.930,0.019,4096,18,63,92,229687296,12347439724.0,101
91,0.935,0.005,4096,20,22,48,92993536,17313089139.7,101
92,0.941,0.005,4096,20,22,48,92337152,17655179165.3,101
93,0.946,0.004,4096,20,20,38,91372544,20519576145.7,101
94,0.956,0.009,4096,20,35,76,134430720,14499934527.9,101
95,0.971,0.015,4096,7,18,79,86440960,5917431255.5,101
96,0.980,0.009,4096,9,12,78,50951168,5864846192.6,101
97,0.992,0.012,4096,20,35,70,132789248,11030060844.7,101
98,1.000,0.007,4096,8,10,60,49379328,6690909642.8,101
99,1.017,0.016,4096,15,61,94,246700032,15110699611.2,101
100,1.022,0.005,4096,20,22,38,92607488,20107317494.7,101
101,1.031,0.008,4096,20,22,40,92476416,12082046125.7,101
102,1.036,0.004,4096,20,20,40,91620352,20521969196.6,101
103,1.046,0.009,4096,20,35,79,133059584,14059334889.7,101
104,1.057,0.010,4096,7,18,77,87280640,8477492219.2,101
105,1.070,0.013,4096,9,12,96,50927616,4025572315.3,101
106,1.079,0.008,4096,20,35,66,131409920,15523413778.1,101
107,1.084,0.005,4096,8,10,39,49294336,10170868770.4,101
108,1.104,0.020,4096,18,61,96,269706240,13434215632.6,101
109,1.109,0.004,4096,20,22,38,93024256,20934260831.8,101
110,1.115,0.005,4096,20,22,48,92576768,18403442267.6,101
111,1.120,0.005,4096,20,20,38,91501568,20271749331.2,101
112,1.133,0.013,4096,20,35,75,132133888,10384138802.8,101
113,1.144,0.011,4096,7,18,90,85392384,7495230712.2,101
114,1.152,0.007,4096,9,12,64,50749440,7333576199.0,101
115,1.162,0.010,4096,20,35,71,132202496,13597704191.3,101
116,1.172,0.009,4096,8,10,60,48602112,5346983464.2,101
117,1.184,0.012,4096,30,38,73,199926784,16220443864.6,101
118,1.189,0.005,4096,20,22,38,92763136,20582264926.7,101
119,1.194,0.004,4096,20,22,38,92484608,21379408965.5,101
120,1.204,0.009,4096,20,20,48,92076032,10143776379.6,101
121,1.213,0.009,4096,20,35,78,132817920,14117903667.9,101
122,1.225,0.011,4096,7,18,83,85956608,7902339556.2,101
123,1.235,0.009,4096,9,12,61,50846720,5385149331.3,101
124,1.244,0.009,4096,20,35,69,130918400,14779540900.7,101
125,1.249,0.005,4096,8,10,39,48790528,10529876014.7,101
126,1.267,0.017,4096,35,40,89,172674048,9985039157.1,101
127,1.272,0.005,4096,20,22,44,92822528,18007564057.3,101
128,1.277,0.004,4096,20,22,38,92674048,21300172678.5,101
129,1.282,0.004,4096,20,22,38,92461056,21598453226.4,101
130,1.286,0.004,4096,20,20,38,91431936,22061013347.1,101
131,1.295,0.008,4096,20,35,66,131437568,16141856433.8,101
132,1.309,0.014,4096,7,18,81,85899264,6134394523.6,101
133,1.315,0.006,4096,9,12,52,50736128,9144196821.8,101
134,1.325,0.009,4096,20,35,72,133344256,14870346515.7,101
135,1.330,0.005,4096,8,10,46,48890880,9552156689.3,101
136,1.346,0.015,4096,25,38,76,158296064,10503046324.1,101
137,1.351,0.005,4096,20,22,48,92688384,18263407898.2,101
138,1.356,0.005,4096,20,22,42,92490752,20056522111.5,101
139,1.362,0.005,4096,20,20,45,91465728,16943004974.0,101
140,1.376,0.013,4096,20,35,77,132408320,10016702028.0,101
141,1.386,0.010,4096,7,18,78,84332544,8587372839.1,101
142,1.395,0.009,4096,9,12,86,51032064,5896748334.2,101
143,1.409,0.014,4096,20,35,77,132593664,9643216240.5,101
144,1.414,0.005,4096,8,10,42,48595968,9945945237.9,101
145,1.425,0.011,4096,15,35,70,144036864,13473914862.7,101
146,1.430,0.004,4096,20,22,38,93209600,22237146189.6,101
147,1.437,0.007,4096,20,22,48,92502016,13190113590.8,101
148,1.445,0.007,4096,20,20,48,91467776,13100637889.2,101
149,1.454,0.008,4096,20,35,67,132041728,15653037258.8,101
150,1.464,0.010,4096,7,18,77,85615616,8279238731.3,101
151,1.475,0.011,4096,9,12,65,51041280,4829361478.7,101
152,1.484,0.009,4096,20,35,72,131956736,14888078952.5,101
153,1.489,0.005,4096,8,10,39,49067008,10873476385.0,101
154,1.508,0.018,4096,18,63,92,230829056,12687698148.2,101
155,1.515,0.006,4096,20,22,48,92553216,16090086052.5,101
156,1.519,0.005,4096,20,22,38,92555264,20414514368.4,101
157,1.525,0.005,4096,20,20,38,91593728,19389815754.5,101
158,1.534,0.009,4096,20,35,71,133799936,15143698373.6,101
159,1.548,0.014,4096,7,18,69,84996096,6240702468.1,101
160,1.554,0.006,4096,9,12,56,50663424,8350748615.6,101
161,1.564,0.009,4096,20,35,71,131813376,14819135070.8,101
162,1.569,0.005,4096,8,10,42,48890880,10753969702.9,101
163,1.588,0.018,4096,15,61,94,246381568,13360342766.1,101
164,1.592,0.004,4096,20,22,38,92563456,21593258937.0,101
165,1.597,0.004,4096,20,22,38,92357632,21209260114.0,101
166,1.603,0.005,4096,20,20,48,91752448,17430911410.0,101
167,1.616,0.013,4096,20,35,77,132408320,10251609320.2,101
168,1.628,0.011,4096,7,18,81,84749312,7934444757.6,101
169,1.636,0.008,4096,9,12,79,51110912,6150919522.6,101
170,1.650,0.013,4096,20,35,77,131408896,10038511663.0,101
171,1.655,0.005,4096,8,10,42,48917504,9454733251.6,101
172,1.672,0.016,4096,18,61,96,269264896,17006045354.1,101
173,1.680,0.008,4096,20,22,38,92875776,11737307416.6,101
174,1.686,0.005,4096,20,22,38,92332032,18736439716.5,101
175,1.691,0.004,4096,20,20,38,91397120,20499756754.0,101
176,1.700,0.009,4096,20,35,78,131781632,13902484007.0,101
177,1.714,0.013,4096,7,18,70,85728256,6443516576.6,101
178,1.722,0.007,4096,9,12,64,50748416,6850950523.1,101
179,1.730,0.008,4096,20,35,66,132415488,16214926984.4,101
180,1.735,0.005,4096,8,10,39,48855040,10803990496.1,101
181,1.752,0.016,4096,30,38,73,199991296,12193661081.1,101
182,1.758,0.005,4096,20,22,48,92556288,17043420296.4,101
183,1.762,0.004,4096,20,22,38,92621824,21399859662.9,101
184,1.767,0.004,4096,20,20,38,91626496,20818719796.3,101
185,1.778,0.010,4096,20,35,77,131832832,13067616499.3,101
186,1.792,0.014,4096,7,18,75,85054464,6266790802.3,101
187,1.798,0.006,4096,9,12,57,50540544,7850470495.0,101
188,1.808,0.009,4096,20,35,76,131999744,14212740152.7,101
189,1.816,0.008,4096,8,10,39,49670144,6411958972.4,101
190,1.831,0.014,4096,35,40,89,173299712,12277172978.2,101
191,1.836,0.004,4096,20,22,38,92794880,21789699947.7,101
192,1.840,0.004,4096,20,22,38,92475392,21237863522.5,101
193,1.848,0.008,4096,20,22,47,92419072,12062694795.5,101
194,1.854,0.006,4096,20,20,38,91537408,16130971549.4,101
195,1.864,0.009,4096,20,35,78,130960384,14403468612.6,101
196,1.875,0.011,4096,7,18,79,85894144,7944454212.5,101
197,1.887,0.011,4096,9,12,74,51132416,4553141456.8,101
198,1.897,0.010,4096,20,35,77,131259392,13511734346.1,101
199,1.902,0.004,4096,8,10,39,48907264,11351712484.6,101
200,1.915,0.013,4096,25,38,76,158267392,12188082297.2,101
201,1.922,0.007,4096,20,22,38,92851200,13890849108.1,101
202,1.927,0.004,4096,20,22,38,92519424,21256782706.6,101
203,1.932,0.005,4096,20,20,38,91609088,20067171917.9,101
204,1.941,0.009,4096,20,35,77,132230144,14570890229.4,101
205,1.956,0.015,4096,7,18,79,85381120,5837287306.4,101
206,1.962,0.006,4096,9,12,56,51238912,8440801036.5,101
207,1.972,0.009,4096,20,35,77,133850112,14701226730.4,101
208,1.977,0.004,4096,8,10,39,48839680,11176051423.0,101
209,1.992,0.015,4096,15,35,70,144934912,9918822259.0,101
210,1.998,0.005,4096,20,22,48,92905472,17143906964.1,101
211,2.002,0.004,4096,20,22,38,92820480,22632175169.5,101
212,2.009,0.006,4096,20,20,55,91788288,14937567160.5,101
213,2.021,0.012,4096,20,35,77,131562496,10788800525.6,101
214,2.033,0.011,4096,7,18,83,86891520,7670955405.2,101
215,2.041,0.007,4096,9,12,71,50794496,6814387105.6,101
216,2.049,0.008,4096,20,35,67,133171200,16070385166.9,101
217,2.058,0.008,4096,8,10,39,49310720,6228740360.2,101
218,2.073,0.015,4096,18,63,92,230043648,15317506825.7,101
219,2.078,0.005,4096,20,22,38,93054976,20587402289.7,101
220,2.084,0.005,4096,20,22,48,92821504,17277246168.5,101
221,2.092,0.008,4096,20,20,38,91700224,11773489402.1,101
222,2.103,0.010,4096,20,35,77,134315008,13152013928.0,101
223,2.113,0.010,4096,7,18,73,85683200,9001727052.6,101
224,2.120,0.007,4096,9,12,61,50717696,6948647137.5,101
225,2.132,0.012,4096,20,35,74,131227648,11209669856.8,101
226,2.137,0.004,4096,8,10,39,49227776,11425776676.9,101
227,2.153,0.015,4096,15,61,94,246952960,16355688886.8,101
228,2.161,0.008,4096,20,22,38,92511232,11591834525.3,101
229,2.165,0.004,4096,20,22,38,92273664,22563556425.0,101
230,2.171,0.005,4096,20,20,43,91591680,18315061267.0,101
231,2.180,0.009,4096,20,35,78,133052416,14291000517.3,101
232,2.195,0.014,4096,7,18,77,84690944,6094319645.0,101
233,2.203,0.007,4096,9,12,67,50988032,7144954569.1,101
234,2.211,0.008,4096,20,35,66,132147200,15916465152.2,101
235,2.216,0.004,4096,8,10,39,48882688,11586988300.1,101
236,2.236,0.020,4096,18,61,96,270613504,13408936803.7,101
237,2.242,0.005,4096,20,22,48,92877824,17089141057.3,101
238,2.247,0.004,4096,20,22,38,92450816,21097275953.8,101
239,2.253,0.005,4096,20,20,48,91260928,16832843594.7,101
240,2.267,0.013,4096,20,35,77,131138560,10104561866.0,101
241,2.277,0.010,4096,7,18,70,86019072,8514186389.1,101
242,2.285,0.007,4096,9,12,67,50944000,7265525847.1,101
243,2.297,0.012,4096,20,35,72,131836928,10975993534.1,101
244,2.303,0.005,4096,8,10,44,48884736,10109701974.7,101
245,2.315,0.012,4096,30,38,76,200835072,16281024974.2,101
246,2.321,0.005,4096,20,22,45,92800000,18518666336.7,101
247,2.328,0.007,4096,20,22,45,92323840,13801308588.3,101
248,2.334,0.006,4096,20,20,38,91549696,15090998943.4,101
249,2.343,0.008,4096,20,35,66,132489216,16122452019.3,101
250,2.355,0.011,4096,7,18,82,85682176,7556826989.4,101
251,2.364,0.009,4096,9,12,57,50742272,5627829468.7,101
252,2.374,0.010,4096,20,35,77,132741120,13366775836.8,101
253,2.379,0.004,4096,8,10,42,48922624,11055750354.1,101
254,2.396,0.016,4096,35,40,95,173902848,10696416857.4,101
255,2.402,0.006,4096,20,22,39,92681216,16600198562.1,101
256,2.407,0.005,4096,20,22,42,92628992,18707455273.7,101
257,2.412,0.004,4096,20,22,38,92486656,20713585414.1,101
258,2.417,0.005,4096,20,20,41,91516928,20005387995.6,101
259,2.426,0.008,4096,20,35,66,132361216,16046730520.8,101
260,2.440,0.014,4096,7,18,77,85338112,6199671920.1,101
261,2.446,0.006,4096,9,12,57,50448384,8481492521.5,101
262,2.456,0.009,4096,20,35,77,132193280,14493701169.0,101
263,2.461,0.005,4096,8,10,43,50045952,9937148064.0,101
264,2.477,0.015,4096,25,38,76,158436352,10361436466.7,101
265,2.483,0.006,4096,20,22,50,92689408,16555032394.1,101
266,2.487,0.004,4096,20,22,38,92473344,22674049340.2,101
267,2.492,0.004,4096,20,20,38,91443200,20650555551.4,101
268,2.505,0.013,4096,20,35,77,132118528,10191563571.6,101
269,2.516,0.010,4096,7,18,74,85163008,8696270997.9,101
270,2.522,0.006,4096,9,12,61,50808832,8043186302.1,101
271,2.532,0.009,4096,20,35,69,131764224,14939383151.1,101
272,2.539,0.007,4096,8,10,39,48826368,6701257591.5,101
273,2.550,0.011,4096,15,35,70,145082368,13714945170.4,101
274,2.556,0.005,4096,20,22,48,92674048,17487388477.2,101
275,2.562,0.005,4096,20,22,44,92497920,18026995496.9,101
276,2.566,0.004,4096,20,20,38,91098112,21295870525.9,101
277,2.580,0.013,4096,20,35,77,132690944,10257830343.2,101
278,2.590,0.010,4096,7,18,70,85161984,8736738133.4,101
279,2.597,0.007,4096,9,12,66,51232768,7453668489.3,101
280,2.611,0.014,4096,20,35,77,132065280,9740351750.9,101
281,2.618,0.005,4096,8,10,48,49399808,9517821805.3,101
282,2.636,0.018,4096,18,63,92,229470208,12656167908.6,101
283,2.643,0.007,4096,20,22,40,92751872,13674940760.3,101
284,2.649,0.005,4096,20,22,48,92414976,17439472945.3,101
285,2.659,0.007,4096,20,20,48,91473920,12548845732.6,101
286,2.670,0.010,4096,20,35,77,131990528,12749384556.6,101
287,2.684,0.013,4096,7,18,80,85540864,6605510889.5,101
288,2.691,0.007,4096,9,12,64,50549760,7369650599.6,101
289,2.701,0.009,4096,20,35,77,132718592,14574305091.4,101
290,2.709,0.008,4096,8,10,39,49408000,6162129816.1,101
291,2.724,0.015,4096,15,61,94,246612992,16753203932.4,101
292,2.730,0.005,4096,20,22,48,92747776,17800916303.7,101
293,2.735,0.004,4096,20,22,38,92579840,21538916105.3,101
294,2.743,0.008,4096,20,20,38,91255808,11463725741.3,101
295,2.753,0.009,4096,20,35,69,131215360,14669404635.0,101
296,2.763,0.010,4096,7,18,73,85424128,8396635453.2,101
297,2.772,0.008,4096,9,12,75,51176448,6235138038.5,101
298,2.784,0.012,4096,20,35,67,132754432,11339091491.9,101
299,2.790,0.006,4096,8,10,49,48716800,8343669407.3,101
300,2.812,0.021,4096,18,61,112,270558208,12991832944.4,101
301,2.823,0.004,4096,20,22,39,92571648,21328934141.4,112
302,2.828,0.005,4096,20,22,45,92551168,18747699460.4,112
303,2.833,0.005,4096,20,20,38,91533312,18690715483.6,112
304,2.846,0.013,4096,20,35,77,133007360,10512143026.8,112
305,2.857,0.010,4096,7,18,79,85934080,8454932273.7,112
306,2.864,0.007,4096,9,12,64,50890752,7680700100.0,112
307,2.874,0.009,4096,20,35,77,131942400,14109944346.2,112
308,2.883,0.008,4096,8,10,39,49081344,5862394450.2,112
309,2.895,0.012,4096,30,38,73,199924736,16477726707.8,112
310,2.900,0.004,4096,20,22,36,92219392,22504560851.9,112
311,2.904,0.004,4096,20,22,38,92430336,21538639498.4,112
312,2.911,0.006,4096,20,20,38,91042816,15167563742.1,112
313,2.922,0.010,4096,20,35,72,131459072,12547104181.2,112
314,2.932,0.010,4096,7,18,72,85066752,8573390754.8,112
315,2.939,0.007,4096,9,12,64,50723840,7636465517.5,112
316,2.952,0.013,4096,20,35,77,132131840,10494352325.3,112
317,2.958,0.005,4096,8,10,46,49275904,9363207894.9,112
318,2.973,0.015,4096,35,40,100,173242368,11690425514.5,112
319,2.981,0.008,4096,20,22,41,92832768,12032722637.6,112
320,2.987,0.006,4096,20,22,48,92685312,16483111736.4,112
321,2.992,0.005,4096,20,22,41,92580864,20282609610.1,112
322,2.998,0.005,4096,20,20,48,91555840,17292004898.5,112
323,3.007,0.009,4096,20,35,77,132278272,14538543801.0,112
324,3.021,0.014,4096,7,18,77,84654080,6101954016.0,112
325,3.029,0.007,4096,9,12,68,50797568,6959580574.8,112
326,3.039,0.009,4096,20,35,77,131147776,14033121939.5,112
327,3.044,0.005,4096,8,10,39,48700416,9978524022.9,112
328,3.061,0.016,4096,25,38,76,158419968,10133316139.6,112
329,3.072,0.011,4096,20,22,42,92617728,8752205398.2,112
330,3.077,0.005,4096,20,22,38,92311552,20212737511.0,112
331,3.083,0.005,4096,20,20,38,91414528,17133835221.2,112
332,3.096,0.012,4096,20,35,77,132004864,11098281074.1,112
333,3.106,0.010,4096,7,18,73,85275648,8862052330.8,112
334,3.116,0.009,4096,9,12,78,50828288,5584279816.2,112
335,3.128,0.011,4096,20,35,79,130712576,11438186531.4,112
336,3.134,0.005,4096,8,10,46,49103872,9252953928.1,112
337,3.145,0.011,4096,15,35,70,143975424,13500357257.9,112
338,3.154,0.009,4096,20,22,48,92502016,10322671417.9,112
339,3.160,0.005,4096,20,22,38,92195840,19304095730.9,112
340,3.164,0.004,4096,20,20,38,91709440,20673769265.3,112
341,3.175,0.010,4096,20,35,78,132780032,12973974962.9,112
342,3.190,0.014,4096,7,18,86,85766144,6014677117.2,112
343,3.198,0.007,4096,9,12,65,50799616,6964974005.2,112
344,3.207,0.009,4096,20,35,76,131539968,14408721210.9,112
345,3.213,0.005,4096,8,10,51,48548864,8989841149.2,112
346,3.232,0.019,4096,18,63,92,230117376,12383171287.1,112
347,3.237,0.004,4096,20,22,41,92795904,21126527073.7,112
348,3.241,0.004,4096,20,22,38,92556288,21325955276.8,112
349,3.247,0.005,4096,20,20,48,91484160,17149962554.1,112
350,3.261,0.013,4096,20,35,77,131675136,10155084072.9,112
351,3.271,0.010,4096,7,18,71,85391360,8909597045.1,112
352,3.279,0.007,4096,9,12,71,50959360,6905255078.9,112
353,3.292,0.013,4096,20,35,76,132076544,10394323644.2,112
354,3.298,0.006,4096,8,10,46,48479232,8715253175.1,112
355,3.313,0.015,4096,15,61,94,246936576,16408473119.7,112
356,3.318,0.005,4096,20,22,38,92587008,19679909604.3,112
357,3.326,0.007,4096,20,22,38,92161024,12981319981.1,112
358,3.331,0.005,4096,20,20,40,91213824,19219520027.3,112
359,3.340,0.009,4096,20,35,72,132525056,15195969850.5,112
360,3.350,0.010,4096,7,18,74,84608000,8666378634.1,112
361,3.362,0.011,4096,9,12,66,50790400,4695821519.1,112
362,3.371,0.009,4096,20,35,77,133397504,14258040953.4,112
363,3.376,0.005,4096,8,10,39,49283072,10927243903.1,112
364,3.396,0.019,4096,18,61,96,267997184,14318021668.8,112
365,3.401,0.005,4096,20,22,48,92721152,17406375625.4,112
366,3.407,0.005,4096,20,22,46,92466176,17874453784.0,112
367,3.412,0.005,4096,20,20,38,91252736,19369446521.7,112
368,3.421,0.009,4096,20,35,77,132630528,14495461265.4,112
369,3.436,0.014,4096,7,18,77,85178368,6110811407.6,112
370,3.444,0.008,4096,9,12,74,50930688,6659222768.2,112
371,3.454,0.009,4096,20,35,77,131970048,13971128251.0,112
372,3.461,0.007,4096,8,10,39,49172480,7284274434.3,112
373,3.475,0.013,4096,30,38,76,199384064,14943292567.3,112
374,3.479,0.004,4096,20,22,38,92655616,21751635558.1,112
375,3.484,0.004,4096,20,22,38,92234752,21498273444.0,112
376,3.489,0.004,4096,20,20,38,91821056,21580768658.6,112
377,3.501,0.012,4096,20,35,72,131809280,10658952651.3,112
378,3.512,0.010,4096,7,18,74,84472832,8123942177.4,112
379,3.519,0.006,4096,9,12,57,50969600,8651273378.3,112
380,3.532,0.013,4096,20,35,77,133914624,10610696902.5,112
381,3.537,0.005,4096,8,10,43,48963584,9611344953.9,112
382,3.552,0.014,4096,35,40,89,173622272,12166397022.1,112
383,3.557,0.005,4096,20,22,38,92844032,19925189784.3,112
384,3.566,0.009,4096,20,22,48,93069312,10637735287.5,112
385,3.571,0.004,4096,20,22,38,92204032,20942729590.5,112
386,3.576,0.004,4096,20,20,38,91404288,20466779206.3,112
387,3.584,0.008,4096,20,35,67,133148672,16090384512.7,112
388,3.597,0.013,4096,7,18,80,85764096,6809942517.7,112
389,3.606,0.008,4096,9,12,65,50854912,6119869749.0,112
390,3.615,0.008,4096,20,35,69,132447232,15829479301.4,112
391,3.621,0.006,4096,8,10,60,48832512,7519714096.2,112
392,3.637,0.015,4096,25,38,76,158641152,10566825192.3,112
393,3.642,0.004,4096,20,22,38,92694528,20857495742.2,112
394,3.647,0.005,4096,20,22,45,92537856,18920360488.9,112
395,3.652,0.005,4096,20,20,38,91801600,20338823833.9,112
396,3.661,0.009,4096,20,35,72,131505152,14578063302.0,112
397,3.676,0.014,4096,7,18,82,85611520,6035441179.0,112
398,3.683,0.007,4096,9,12,64,51158016,7740772712.2,112
399,3.692,0.008,4096,20,35,67,131395584,15470086746.1,112
400,3.697,0.005,4096,8,10,39,49018880,10550386781.0,112
401,3.711,0.013,4096,15,35,70,144441344,10900397675.2,112
402,3.716,0.005,4096,20,22,45,92767232,19225313428.4,112
403,3.721,0.005,4096,20,22,44,92677120,18592350057.4,112
404,3.726,0.004,4096,20,20,38,91361280,21061521788.9,112
405,3.739,0.012,4096,20,35,71,132122624,10866062240.9,112
406,3.749,0.010,4096,7,18,73,85814272,8597844784.6,112
407,3.756,0.007,4096,9,12,62,50659328,7657123199.1,112
408,3.766,0.009,4096,20,35,78,130948096,13816366581.4,112
409,3.775,0.008,4096,8,10,48,49476608,5927944891.7,112
410,3.790,0.015,4096,18,63,92,229688320,15443209365.6,112
411,3.796,0.005,4096,20,22,38,92555264,20089697187.0,112
412,3.803,0.007,4096,20,22,48,92200960,13668704300.4,112
413,3.812,0.008,4096,20,20,60,91675648,10908287503.2,112
414,3.821,0.008,4096,20,35,66,132675584,16258226681.6,112
415,3.831,0.010,4096,7,18,71,86412288,8921753717.8,112
416,3.842,0.011,4096,9,12,65,50945024,4643299096.9,112
417,3.852,0.009,4096,20,35,76,132350976,14337297410.7,112
418,3.857,0.005,4096,8,10,39,49068032,10768156054.3,112
419,3.875,0.018,4096,15,61,94,246672384,13737545523.6,112
420,3.880,0.004,4096,20,22,38,93010944,21323756959.8,112
421,3.885,0.005,4096,20,22,45,92691456,18851259815.5,112
422,3.891,0.006,4096,20,20,47,91347968,16383028849.1,112
423,3.900,0.008,4096,20,35,67,132926464,16027993364.4,112
424,3.914,0.014,4096,7,18,78,84941824,6135075366.5,112
425,3.921,0.007,4096,9,12,63,51068928,7663135478.1,112
426,3.932,0.009,4096,20,35,77,131580928,14114496745.3,112
427,3.937,0.004,4096,8,10,39,48358400,10760732884.5,112
428,3.958,0.021,4096,18,61,101,268678144,13090225298.3,112
429,3.963,0.005,4096,20,22,41,92773376,19750942377.5,112
430,3.967,0.004,4096,20,22,36,91983872,23783763545.9,112
431,3.974,0.006,4096,20,20,43,91744256,14401261048.7,112
432,3.985,0.011,4096,20,35,77,131865600,12123191251.8,112
433,3.995,0.010,4096,7,18,70,86370304,8983893123.1,112
434,4.001,0.006,4096,9,12,54,50649088,8960955890.2,112
435,4.014,0.012,4096,20,35,66,131010560,10896841759.3,112
436,4.019,0.005,4096,8,10,39,49142784,10765006903.5,112
437,4.031,0.012,4096,30,38,76,199914496,16436292649.0,112
438,4.036,0.005,4096,20,22,38,92683264,20140440070.9,112
439,4.044,0.007,4096,20,22,38,92428288,12804943966.4,112
440,4.050,0.005,4096,20,20,45,91658240,16776321906.6,112
441,4.060,0.009,4096,20,35,77,132395008,14382891795.9,112
442,4.071,0.011,4096,7,18,86,87012352,7766679231.4,112
443,4.084,0.012,4096,9,12,79,50993152,4126901958.1,112
444,4.093,0.009,4096,20,35,74,132290560,14930933017.4,112
445,4.099,0.005,4096,8,10,44,48622592,10055299544.9,112
446,4.118,0.019,4096,35,40,100,173813760,9202990406.8,112
447,4.122,0.004,4096,20,22,38,92486656,21987248408.8,112
448,4.127,0.004,4096,20,22,38,92399616,21032407797.3,112
449,4.133,0.006,4096,20,22,48,92479488,16771684568.0,112
450,4.138,0.004,4096,20,20,41,91277312,20683662303.4,112
451,4.151,0.013,4096,20,35,77,132707328,10378542332.5,112
452,4.162,0.011,4096,7,18,82,86071296,7954634038.3,112
453,4.170,0.007,4096,9,12,65,50974720,7214704121.9,112
454,4.182,0.012,4096,20,35,66,131721216,11343650977.0,112
455,4.187,0.005,4096,8,10,42,49631232,10033977199.6,112
456,4.199,0.012,4096,25,38,76,158547968,13045037840.1,112
457,4.204,0.004,4096,20,22,39,92818432,20945660415.5,112
458,4.209,0.004,4096,20,22,38,92713984,22671798311.6,112
459,4.218,0.008,4096,20,20,43,91574272,10828214145.8,112
460,4.228,0.010,4096,20,35,77,131362816,13602627272.1,112
461,4.238,0.010,4096,7,18,77,84883456,8593930631.7,112
462,4.248,0.010,4096,9,12,76,51129344,5293395790.6,112
463,4.260,0.011,4096,20,35,77,131605504,11908784696.0,112
464,4.265,0.005,4096,8,10,42,50258944,10478782417.5,112
465,4.276,0.011,4096,15,35,67,144983040,13744301254.2,112
466,4.284,0.008,4096,20,22,44,92474368,11360474908.6,112
467,4.291,0.006,4096,20,22,48,92483584,15357196065.3,112
468,4.295,0.004,4096,20,20,38,91598848,21700833194.5,112
469,4.305,0.009,4096,20,35,77,133979136,14109015011.1,112
470,4.317,0.012,4096,7,18,77,84661248,7351626972.9,112
471,4.327,0.010,4096,9,12,76,50461696,5266181170.2,112
472,4.337,0.010,4096,20,35,78,132035584,13819691374.3,112
473,4.342,0.005,4096,8,10,39,49172480,10869659308.5,112
474,4.361,0.019,4096,18,63,92,229498880,12324138121.0,112
475,4.367,0.005,4096,20,22,50,92988416,17463443051.8,112
476,4.371,0.004,4096,20,22,38,92698624,21022832450.3,112
477,4.377,0.005,4096,20,20,38,91945984,18405599870.6,112
478,4.389,0.012,4096,20,35,75,131488768,10765727902.3,112
479,4.401,0.011,4096,7,18,84,86006784,7738682080.4,112
480,4.408,0.007,4096,9,12,63,50895872,7336496306.8,112
481,4.419,0.011,4096,20,35,77,132401152,12137359613.7,112
482,4.426,0.007,4096,8,10,42,48987136,7383745705.8,112
483,4.441,0.015,4096,15,61,94,246930432,16797268688.5,112
484,4.447,0.005,4096,20,22,43,92476416,18816323549.1,112
485,4.452,0.004,4096,20,22,38,92498944,20983581804.5,112
486,4.460,0.008,4096,20,20,38,91384832,11969084251.1,112
487,4.469,0.009,4096,20,35,72,133141504,14497023429.1,112
488,4.480,0.010,4096,7,18,81,87042048,8310519692.2,112
489,4.491,0.010,4096,9,12,68,51128320,4904135061.2,112
490,4.500,0.009,4096,20,35,70,133480448,15059995852.5,112
491,4.505,0.005,4096,8,10,45,49503232,9750381323.3,112
492,4.526,0.020,4096,18,61,105,272409600,13507351206.1,112
493,4.532,0.005,4096,20,22,48,92869632,17292274863.9,112
494,4.536,0.004,4096,20,22,38,92338176,21944901381.5,112
495,4.542,0.005,4096,20,20,45,91680768,17916831655.3,112
496,4.552,0.009,4096,20,35,77,131558400,14502831040.8,112
497,4.566,0.014,4096,7,18,73,84951040,6022158293.8,112
498,4.573,0.007,4096,9,12,65,50861056,7447827266.7,112
499,4.583,0.009,4096,20,35,77,132482048,14125582892.5,112
500,4.588,0.004,4096,8,10,39,49225728,11002751708.9,112
501,4.605,0.016,4096,30,38,73,200114176,12458903690.4,112
502,4.610,0.005,4096,20,22,48,92554240,18057415463.3,112
503,4.615,0.004,4096,20,22,38,92534784,22148370373.0,112
504,4.620,0.005,4096,20,20,48,91265024,16863424864.3,112
505,4.634,0.013,4096,20,35,77,131622912,9868476112.2,112
506,4.645,0.010,4096,7,18,75,85992448,8671570029.8,112
507,4.652,0.007,4096,9,12,71,51156992,6880324142.0,112
508,4.666,0.013,4096,20,35,75,132140032,10266485867.6,112
509,4.671,0.005,4096,8,10,43,49140736,10515816394.1,112
510,4.686,0.015,4096,35,40,100,172452864,11680607573.9,112
511,4.691,0.004,4096,20,22,39,92676096,20740349781.0,112
512,4.700,0.009,4096,20,23,47,93109248,10435700223.7,112
513,4.706,0.006,4096,20,22,50,92252160,16316734989.0,112
514,4.711,0.005,4096,20,20,38,91766784,19381073086.3,112
515,4.721,0.009,4096,20,35,77,131867648,14414846277.5,112
516,4.734,0.013,4096,7,18,71,86187008,6471659731.6,112
517,4.743,0.008,4096,9,12,83,50831360,6036519789.5,112
518,4.753,0.009,4096,20,35,78,132908032,14393044107.3,112
519,4.758,0.005,4096,8,10,42,49052672,10540751268.6,112
520,4.774,0.015,4096,25,38,76,158623744,10330822351.0,112
521,4.779,0.004,4096,20,22,38,92508160,20956411563.9,112
522,4.783,0.004,4096,20,22,38,92161024,21452997019.8,112
523,4.788,0.004,4096,20,20,38,91487232,21969567302.4,112
524,4.801,0.013,4096,20,35,76,132203520,10297181038.7,112
525,4.811,0.010,4096,7,18,73,85950464,8382119606.7,112
526,4.818,0.007,4096,9,12,63,50865152,7804204576.5,112
527,4.828,0.009,4096,20,35,77,131793920,14433032185.9,112
528,4.839,0.010,4096,8,10,60,49895424,4756468317.7,112
529,4.850,0.011,4096,15,35,70,145928192,13006775586.4,112
530,4.856,0.005,4096,20,22,48,93394944,17420377013.0,112
531,4.861,0.004,4096,20,22,38,92226560,21985914949.0,112
532,4.869,0.008,4096,20,20,38,91561984,11860116352.5,112
533,4.879,0.010,4096,20,35,77,131195904,13789661782.2,112
534,4.889,0.010,4096,7,18,71,85071872,8792258600.6,112
535,4.895,0.006,4096,9,12,57,50752512,8867734889.0,112
536,4.909,0.013,4096,20,35,78,132798464,9935643816.2,112
537,4.914,0.005,4096,8,10,42,48944128,10449037591.2,112
538,4.929,0.015,4096,18,63,92,229716992,15653921419.3,112
539,4.936,0.007,4096,20,22,38,92516352,13909968045.8,112
540,4.942,0.005,4096,20,22,38,92606464,18353014014.5,112
541,4.948,0.006,4096,20,20,48,91309056,15586061605.1,112
542,4.957,0.009,4096,20,35,77,132527104,14486588162.9,112
543,4.971,0.013,4096,7,18,81,86117376,6384600100.7,112
544,4.978,0.007,4096,9,12,57,50951168,7751072004.2,112
545,4.988,0.009,4096,20,35,77,132349952,14574852660.1,112
546,4.993,0.005,4096,8,10,39,48443392,9981876045.1,112
547,5.012,0.018,4096,15,61,94,246582272,13464804560.4,112
548,5.016,0.004,4096,20,22,38,92734464,22294403708.1,112
549,5.021,0.005,4096,20,22,44,92344320,19181725992.1,112
550,5.027,0.005,4096,20,20,47,91540480,17745217694.7,112
551,5.038,0.011,4096,20,35,68,132175872,11954666359.2,112
552,5.049,0.010,4096,7,18,69,86331392,8291834840.2,112
553,5.057,0.008,4096,9,12,76,51306496,6550804376.5,112
554,5.067,0.009,4096,20,35,77,132221952,14332474683.9,112
555,5.076,0.008,4096,8,10,39,48695296,5855435649.8,112
556,5.093,0.017,4096,18,61,105,269855744,15820603046.2,112
557,5.098,0.004,4096,20,22,38,92209152,21283530813.5,112
558,5.103,0.004,4096,20,22,38,92636160,20655081296.0,112
559,5.110,0.007,4096,20,20,38,91363328,12410323937.6,112
560,5.120,0.009,4096,20,35,75,131537920,14635410732.6,112
561,5.130,0.010,4096,7,18,83,86109184,8420078993.6,112
562,5.137,0.006,4096,9,12,55,50549760,8504888946.3,112
563,5.150,0.013,4096,20,35,77,132604928,10153816019.8,112
564,5.155,0.005,4096,8,10,43,48808960,10184278652.5,112
565,5.168,0.012,4096,30,38,73,200097792,16114370287.2,112
566,5.176,0.007,4096,20,22,41,92819456,12570997501.4,112
567,5.181,0.004,4096,20,22,38,92507136,20714776176.8,112
568,5.186,0.005,4096,20,20,48,91739136,17068905330.3,112
569,5.196,0.009,4096,20,35,77,132801536,14449821887.3,112
570,5.208,0.011,4096,7,18,77,85416960,7443846934.3,112
571,5.216,0.008,4096,9,12,53,50840576,6372882613.7,112
572,5.226,0.010,4096,20,35,77,131674112,13499292660.0,112
573,5.232,0.005,4096,8,10,48,48706560,9133679366.3,112
574,5.250,0.018,4096,35,40,89,172860416,9761911581.7,112
575,5.255,0.005,4096,20,22,42,92418048,19239050142.9,112
576,5.261,0.005,4096,20,22,48,92985344,17025518133.4,112
577,5.266,0.005,4096,20,22,48,92758016,18633392613.5,112
578,5.271,0.004,4096,20,20,38,91664384,20414057276.9,112
579,5.285,0.013,4096,20,35,77,131417088,9943901291.8,112
580,5.295,0.010,4096,7,18,73,84308992,8575892675.0,112
581,5.301,0.006,4096,9,12,55,51041280,8678290705.2,112
582,5.315,0.013,4096,20,35,77,131662848,10364028672.0,112
583,5.320,0.005,4096,8,10,41,48803840,9276525925.5,112
584,5.331,0.011,4096,25,38,75,158054400,14578683173.4,112
585,5.337,0.005,4096,20,22,48,92647424,16961629767.8,112
586,5.343,0.006,4096,20,22,48,92409856,16210426788.7,112
587,5.352,0.008,4096,20,20,48,91430912,11279005493.5,112
588,5.361,0.009,4096,20,35,66,131540992,15316884671.2,112
589,5.371,0.010,4096,7,18,73,84748288,8630630671.0,112
590,5.380,0.009,4096,9,12,63,50525184,5711679321.4,112
591,5.391,0.010,4096,20,35,77,131624960,12558291480.3,112
592,5.396,0.005,4096,8,10,48,48549888,9391593199.0,112
593,5.407,0.011,4096,15,35,70,144011264,13633299000.3,112
594,5.414,0.006,4096,20,22,38,92803072,14284047663.4,112
595,5.420,0.005,4096,20,22,38,92516352,17911024465.0,112
596,5.426,0.005,4096,20,20,48,91469824,16838945221.3,112
597,5.435,0.009,4096,20,35,77,131954688,14020189630.8,112
598,5.448,0.012,4096,7,18,79,85298176,6894906923.2,112
599,5.458,0.009,4096,9,12,76,51079168,5808029447.2,112
600,5.467,0.009,4096,20,35,77,132817920,14597509306.3,112
601,5.472,0.004,4096,8,10,39,49505280,11108062516.2,112
602,5.491,0.019,4096,18,63,92,233702400,12474791118.8,112
603,5.497,0.006,4096,20,22,50,92564480,16730244906.6,112
604,5.502,0.004,4096,20,22,38,92193792,22508222524.1,112
605,5.506,0.005,4096,20,20,38,91616256,20322727092.2,112
606,5.519,0.013,4096,20,35,77,131514368,10490925503.3,112
607,5.530,0.010,4096,7,18,70,85861376,8560921406.0,112
608,5.538,0.007,4096,9,12,73,50601984,6757480979.3,112
609,5.547,0.009,4096,20,35,72,131473408,14913206074.7,112
610,5.555,0.008,4096,8,10,39,49256448,6478313118.2,112
611,5.570,0.015,4096,15,61,94,246105088,16471066235.5,112
612,5.575,0.004,4096,20,22,38,92517376,22553282422.1,112
613,5.580,0.004,4096,20,22,38,92301312,20732568492.9,112
614,5.588,0.008,4096,20,20,45,91591680,10997405169.1,112
615,5.598,0.010,4096,20,35,75,132319232,13614617854.7,112
616,5.608,0.010,4096,7,18,74,85868544,8897676026.9,112
617,5.616,0.007,4096,9,12,64,50683904,7611848458.4,112
618,5.629,0.013,4096,20,35,75,132770816,10090229059.8,112
619,5.634,0.005,4096,8,10,39,48897024,10419857151.9,112
620,5.650,0.016,4096,18,61,96,270814208,17071865251.8,112
621,5.658,0.008,4096,20,22,38,92657664,11840770464.3,112
622,5.664,0.005,4096,20,22,47,92497920,17569543717.2,112
623,5.669,0.004,4096,20,20,38,91451392,20323330939.9,112
624,5.679,0.009,4096,20,35,77,133159936,14252119864.7,112
625,5.692,0.013,4096,7,18,74,84617216,6328605595.2,112
626,5.700,0.008,4096,9,12,72,50685952,6719339323.1,112
627,5.709,0.008,4096,20,35,66,131658752,16000219722.6,112
628,5.714,0.005,4096,8,10,42,48786432,10634146192.6,112
629,5.730,0.016,4096,30,38,73,199228416,12268420620.0,112
630,5.736,0.005,4096,20,22,48,92872704,17243802104.0,112
631,5.741,0.004,4096,20,22,38,92556288,21499254023.1,112
632,5.745,0.004,4096,20,20,38,91186176,21751571324.1,112
633,5.756,0.010,4096,20,35,76,132238336,12940715335.8,112
634,5.769,0.013,4096,7,18,82,84703232,6579072698.4,112
635,5.776,0.006,4096,9,12,61,51287040,7892823764.1,112
636,5.786,0.009,4096,20,35,77,133024768,14341063811.8,112
637,5.794,0.008,4096,8,10,39,49432576,6548136428.3,112
638,5.810,0.016,4096,35,40,100,173450240,11116002131.0,112
639,5.815,0.005,4096,20,22,44,92768256,17672725901.1,112
640,5.821,0.005,4096,20,22,46,92976128,17202227094.8,112
641,5.829,0.007,4096,20,22,38,92164096,12393314254.7,112
642,5.835,0.005,4096,20,20,38,91387904,18692299369.2,112
643,5.844,0.009,4096,20,35,73,133357568,15231931169.1,112
644,5.853,0.009,4096,7,18,71,86033408,9445114945.8,112
645,5.864,0.010,4096,9,12,63,50793472,5104928507.2,112
646,5.874,0.010,4096,20,35,78,132506624,13761916211.0,112
647,5.883,0.009,4096,8,10,42,49333248,5452821663.2,112
648,5.900,0.016,4096,25,38,76,158419968,9882682762.8,112
649,5.906,0.006,4096,20,22,48,92789760,15480933743.5,112
650,5.911,0.005,4096,20,22,38,92641280,20088758820.7,112
651,5.918,0.006,4096,20,20,38,91513856,14616585316.0,112
652,5.928,0.009,4096,20,35,66,131892224,15337678373.5,112
653,5.941,0.013,4096,7,18,74,85952512,6777141382.0,112
654,5.950,0.009,4096,9,12,86,51220480,5887839208.5,112
655,5.962,0.011,4096,20,35,78,132840448,12263285689.1,112
656,5.970,0.008,4096,8,10,51,48866304,6043417204.3,112
657,5.981,0.010,4096,15,35,62,144123904,14129649057.5,112
658,5.986,0.005,4096,20,22,40,92611584,19911994831.3,112
659,5.991,0.005,4096,20,22,36,92441600,20464725414.6,112
660,5.997,0.005,4096,20,20,38,91374592,17975182236.2,112
661,6.009,0.012,4096,20,35,78,133200896,11353397344.9,112
662,6.020,0.011,4096,7,18,83,85123072,8016892127.3,112
663,6.028,0.008,4096,9,12,75,50788352,6513084042.2,112
664,6.041,0.013,4096,20,35,77,131019776,10150193684.5,112
665,6.048,0.007,4096,8,10,60,49097728,7415289312.4,112
666,6.065,0.017,4096,18,63,92,231641088,13869632533.1,112
667,6.072,0.006,4096,20,22,38,92664832,15512772342.4,112
668,6.077,0.005,4096,20,22,47,92479488,17975772225.8,112
669,6.082,0.004,4096,20,20,38,91338752,21477462699.6,112
670,6.091,0.008,4096,20,35,66,131768320,15599980015.9,112
671,6.105,0.013,4096,7,18,75,84193280,6290332787.4,112
672,6.113,0.008,4096,9,12,75,50586624,6314542104.0,112
673,6.123,0.009,4096,20,35,77,131548160,14381215890.6,112
674,6.128,0.005,4096,8,10,40,49165312,10706505546.4,112
675,6.147,0.019,4096,15,61,94,246297600,13195462002.6,112
676,6.152,0.004,4096,20,22,38,92800000,21806155962.4,112
677,6.156,0.004,4096,20,22,35,92395520,22999905656.0,112
678,6.162,0.005,4096,20,20,48,91423744,16974579463.8,112
679,6.175,0.013,4096,20,35,74,131769344,10463857147.7,112
680,6.186,0.010,4096,7,18,81,86561792,8292412618.7,112
681,6.193,0.007,4096,9,12,65,51356672,7676536198.9,112
682,6.206,0.013,4096,20,35,77,132460544,10504000758.1,112
683,6.211,0.005,4096,8,10,40,48896000,9828665708.8,112
684,6.227,0.016,4096,18,61,96,271075328,17098113946.1,112
685,6.234,0.006,4096,20,22,50,93273088,15750305387.4,112
686,6.242,0.008,4096,20,22,38,92294144,11295811399.1,112
687,6.248,0.005,4096,20,20,38,91765760,19004331622.2,112
688,6.258,0.010,4096,20,35,84,133065728,13256624490.2,112
689,6.268,0.010,4096,7,18,73,84767744,8505508559.6,112
690,6.280,0.011,4096,9,12,76,50891776,4536064824.3,112
691,6.289,0.008,4096,20,35,67,132436992,16168440791.7,112
692,6.294,0.005,4096,8,10,49,49512448,9028783271.6,112
693,6.311,0.016,4096,30,38,76,200387584,12164462308.1,112
694,6.316,0.004,4096,20,22,38,92753920,22367864560.9,112
695,6.321,0.005,4096,20,22,48,92497920,16945480126.6,112
696,6.327,0.005,4096,20,20,47,91637760,17211186267.4,112
697,6.337,0.009,4096,20,35,77,132587520,14127530115.5,112
698,6.351,0.014,4096,7,18,86,85976064,6136288364.8,112
699,6.359,0.007,4096,9,12,67,51004416,7404035459.6,112
700,6.368,0.009,4096,20,35,77,132820992,14017573232.4,112
701,6.378,0.009,4096,8,10,51,49197056,5543010476.5,112
702,6.394,0.016,4096,35,40,100,172982272,11037966263.9,112
703,6.399,0.005,4096,20,22,38,92537856,20018767975.7,112
704,6.404,0.005,4096,20,22,41,92815360,19993292154.3,112
705,6.412,0.007,4096,20,23,38,92728320,12383976742.9,112
706,6.417,0.005,4096,20,20,45,91754496,17392809340.4,112
707,6.427,0.009,4096,20,35,77,131440640,13913928627.9,112
708,6.438,0.010,4096,7,18,79,86408192,8642472505.0,112
709,6.451,0.013,4096,9,12,88,51128320,3970521963.3,112
710,6.461,0.009,4096,20,35,77,131124224,13909695547.4,112
711,6.466,0.004,4096,8,10,42,49038336,10969698311.9,112
712,6.481,0.015,4096,25,38,76,158306304,10880509817.2,112
713,6.486,0.005,4096,20,22,38,92596224,19472612210.2,112
714,6.491,0.005,4096,20,22,38,92397568,20088982620.6,112
715,6.498,0.007,4096,20,20,63,91353088,13415558996.5,112
716,6.506,0.008,4096,20,35,67,132145152,16140283815.6,112
717,6.521,0.015,4096,7,18,84,85548032,5834152804.6,112
718,6.533,0.011,4096,9,12,111,50791424,4578969640.8,112
719,6.543,0.009,4096,20,35,77,132300800,14230213561.6,112
720,6.551,0.008,4096,8,10,42,49453056,6303540101.7,112
721,6.562,0.011,4096,15,35,67,144327680,13608862941.6,112
722,6.567,0.004,4096,20,22,41,92422144,20825277451.7,112
723,6.571,0.004,4096,20,22,38,92462080,21509607338.7,112
724,6.576,0.004,4096,20,20,38,91292672,20652277984.3,112
725,6.590,0.013,4096,20,35,77,134029312,10073043808.7,112
726,6.601,0.011,4096,7,18,87,86037504,7979554534.3,112
727,6.609,0.008,4096,9,12,74,51024896,6714499176.3,112
728,6.622,0.013,4096,20,35,73,132389888,10381642160.9,112
729,6.629,0.006,4096,8,10,60,48583680,7506595971.8,112
730,6.645,0.015,4096,18,63,92,231508992,15295620621.0,112
731,6.653,0.008,4096,20,22,38,92990464,11382471155.3,112
732,6.658,0.005,4096,20,22,42,92465152,20245598754.4,112
733,6.663,0.004,4096,20,20,38,91591680,20966362413.1,112
734,6.672,0.009,4096,20,35,78,132497408,14287924235.6,112
735,6.686,0.014,4096,7,18,74,86418432,6350557113.1,112
736,6.695,0.008,4096,9,12,77,51388416,6104697542.6,112
737,6.704,0.009,4096,20,35,71,132052992,15064341361.5,112
738,6.710,0.005,4096,8,10,51,49859584,9481450830.0,112
739,6.729,0.019,4096,15,61,94,246761472,13202896315.9,112
740,6.734,0.005,4096,20,22,42,92677120,19355363657.4,112
741,6.739,0.004,4096,20,22,38,92510208,22505051035.8,112
742,6.744,0.004,4096,20,20,38,91659264,20423187165.8,112
743,6.757,0.013,4096,20,35,77,133697536,10176468389.8,112
744,6.768,0.011,4096,7,18,74,87032832,8203458762.8,112
745,6.775,0.006,4096,9,12,63,50766848,8103031890.5,112
746,6.788,0.013,4096,20,35,77,131635200,10373997671.7,112
747,6.795,0.007,4096,8,10,56,49397760,7443061388.6,112
748,6.811,0.016,4096,18,61,101,268790784,16679495301.4,112
749,6.817,0.005,4096,20,22,48,92898304,17055352329.8,112
750,6.826,0.008,4096,20,22,48,92339200,11057504912.4,112
751,6.831,0.005,4096,20,20,42,91684864,19495036450.3,112
752,6.841,0.009,4096,20,35,76,131403776,14166463016.1,112
753,6.851,0.010,4096,7,18,70,85033984,8908594227.3,112
754,6.862,0.011,4096,9,12,64,50886656,4776106672.0,112
755,6.871,0.009,4096,20,35,77,132166656,14539437448.0,112
756,6.877,0.005,4096,8,10,44,48777216,9374037967.6,112
757,6.893,0.016,4096,30,38,73,199374848,12824930796.8,112
758,6.898,0.005,4096,20,22,48,92730368,17042163980.5,112
759,6.903,0.004,4096,20,22,38,92360704,22962835595.2,112
760,6.909,0.005,4096,20,20,48,91447296,17063065050.0,112
761,6.918,0.009,4096,20,35,73,133588992,15223719597.9,112
762,6.933,0.015,4096,7,18,86,84769792,5759883282.7,112
763,6.940,0.007,4096,9,12,62,50835456,7786261197.6,112
764,6.950,0.009,4096,20,35,77,132619264,14396307959.4,112
765,6.955,0.005,4096,8,10,39,48925696,10871958922.5,112
766,6.973,0.018,4096,35,40,89,173464576,9573913897.8,112
767,6.979,0.005,4096,20,22,45,92504064,16888091278.6,112
768,6.984,0.004,4096,20,22,38,92618752,20835170926.3,112
769,6.990,0.005,4096,20,22,45,92482560,19329840765.2,112
770,6.998,0.008,4096,20,20,38,91446272,12119845707.9,112
771,7.008,0.010,4096,20,35,78,131298304,13586360649.2,112
772,7.018,0.010,4096,7,18,77,84925440,8435346446.4,112
773,7.029,0.010,4096,9,12,65,50888704,4958865315.7,112
774,7.040,0.010,4096,20,35,78,131941376,13120814552.0,112
775,7.046,0.006,4096,8,10,60,48869376,8011268048.9,112
776,7.059,0.013,4096,25,38,76,158389248,12538989920.5,112
777,7.066,0.006,4096,20,22,38,92587008,14259500493.2,112
778,7.072,0.005,4096,20,22,44,92596224,17588008971.4,112
779,7.077,0.005,4096,20,20,38,91619328,20327823052.1,112
780,7.086,0.009,4096,20,35,77,132711424,14466606327.1,112
781,7.101,0.014,4096,7,18,82,86553600,6229594069.8,112
782,7.108,0.006,4096,9,12,60,51222528,7990920565.7,112
783,7.117,0.009,4096,20,35,77,133160960,14117878559.1,112
784,7.124,0.006,4096,8,10,60,49104896,7729696026.6,112
785,7.139,0.015,4096,15,35,67,143212544,9869105500.5,112
786,7.144,0.004,4096,20,22,38,92461056,22011743747.8,112
787,7.149,0.004,4096,20,22,38,92605440,21498316799.3,112
788,7.153,0.004,4096,20,20,40,91656192,21863965466.6,112
789,7.166,0.013,4096,20,35,77,132032512,10226298894.6,112
790,7.177,0.011,4096,7,18,78,86333440,8119314273.0,112
791,7.184,0.006,4096,9,12,56,50803712,8577916147.5,112
792,7.193,0.009,4096,20,35,77,132879360,14574277789.4,112
793,7.202,0.009,4096,8,10,47,48906240,5579729523.8,112
794,7.218,0.015,4096,18,63,92,232356864,15441051382.6,112
795,7.223,0.004,4096,20,22,41,92756992,20617113603.8,112
796,7.228,0.005,4096,20,22,41,92257280,19958917081.1,112
797,7.236,0.008,4096,20,20,38,91148288,11377862993.7,112
798,7.246,0.009,4096,20,35,77,131539968,14223586310.4,112
799,7.256,0.010,4096,7,18,74,85625856,8645105727.7,112
800,7.267,0.011,4096,9,12,72,51306496,4834769445.6,112
801,7.277,0.010,4096,20,35,73,130938880,13726007715.5,112
802,7.282,0.005,4096,8,10,44,49065984,9832515726.9,112
803,7.300,0.017,4096,15,61,94,246471680,14655307112.1,112
804,7.306,0.006,4096,20,22,38,92747776,14839411478.0,112
805,7.311,0.005,4096,20,22,38,92541952,19960324353.8,112
806,7.316,0.004,4096,20,20,38,91311104,21750894643.9,112
807,7.325,0.009,4096,20,35,72,133134336,15299452464.5,112
808,7.339,0.014,4096,7,18,77,84700160,6029557447.0,112
809,7.345,0.006,4096,9,12,56,50851840,8689560823.1,112
810,7.356,0.010,4096,20,35,66,132887552,13717716423.2,112
811,7.361,0.005,4096,8,10,42,48046080,8751451256.5,112
812,7.382,0.020,4096,18,61,96,269112320,13662812552.4,112
813,7.386,0.004,4096,20,22,38,92867584,21113020459.0,112
814,7.392,0.005,4096,20,22,47,92387328,18003852651.4,112
815,7.397,0.005,4096,20,20,43,91493376,18549892686.7,112
816,7.410,0.013,4096,20,35,77,132054016,10271515701.4,112
817,7.421,0.010,4096,7,18,78,85138432,8109701883.4,112
818,7.428,0.007,4096,9,12,64,50861056,7461613100.9,112
819,7.442,0.013,4096,20,35,77,132553728,10181903207.3,112
820,7.446,0.004,4096,8,10,39,49664000,11656587870.9,112
821,7.459,0.012,4096,30,38,73,199993344,16092410848.1,112
822,7.464,0.005,4096,20,22,38,92872704,20408672257.5,112
823,7.469,0.005,4096,20,22,36,92413952,18983569366.5,112
824,7.477,0.007,4096,20,20,42,91725824,12360728153.2,112
825,7.487,0.009,4096,20,35,75,132627456,14667695183.5,112
826,7.497,0.010,4096,7,18,72,84993024,8758627853.5,112
827,7.509,0.012,4096,9,12,79,50509824,4336398556.5,112
828,7.519,0.010,4096,20,35,77,132024320,13336871667.5,112
829,7.524,0.004,4096,8,10,39,48600064,11330067511.7,112
830,7.542,0.017,4096,35,40,89,173222912,9962024632.2,112
831,7.547,0.005,4096,20,22,38,92617728,19206111600.2,112
832,7.552,0.005,4096,20,22,43,92643328,19065406359.1,112
833,7.557,0.004,4096,20,22,38,92296192,21179902816.3,112
834,7.562,0.005,4096,20,20,38,91361280,20062677420.8,112
835,7.570,0.008,4096,20,35,67,130710528,15981216308.6,112
836,7.585,0.014,4096,7,18,77,85694464,6260979907.4,112
837,7.592,0.007,4096,9,12,68,51094528,7037084863.9,112
838,7.602,0.009,4096,20,35,77,133452800,14101986980.6,112
839,7.609,0.007,4096,8,10,39,48721920,7220583543.0,112
840,7.622,0.012,4096,25,38,76,158428160,12902602018.3,112
841,7.627,0.004,4096,20,22,38,92732416,21108065105.7,112
842,7.632,0.004,4096,20,22,38,92393472,22146893175.4,112
843,7.636,0.004,4096,20,20,38,91493376,20347854747.2,112
844,7.649,0.012,4096,20,35,66,132834304,10942998734.3,112
845,7.660,0.011,4096,7,18,84,85185536,8002390603.4,112
846,7.667,0.007,4096,9,12,62,50587648,7509807516.4,112
847,7.680,0.013,4096,20,35,78,132167680,10536429005.4,112
848,7.687,0.006,4096,8,10,53,49332224,7752660269.9,112
849,7.699,0.011,4096,15,35,67,144370688,13114345428.6,112
850,7.704,0.005,4096,20,22,48,92668928,17363743626.7,112
851,7.709,0.004,4096,20,22,38,92522496,22425553388.7,112
852,7.717,0.008,4096,20,20,38,91385856,11605845628.8,112
853,7.727,0.010,4096,20,35,77,133447680,13752167717.3,112
854,7.738,0.010,4096,7,18,80,85217280,8513790593.0,112
855,7.749,0.011,4096,9,12,72,50870272,4730448367.3,112
856,7.758,0.009,4096,20,35,66,132401152,15434586135.2,112
857,7.764,0.006,4096,8,10,49,49557504,8966652360.8,112
858,7.780,0.016,4096,18,63,92,230052864,14657679368.8,112
859,7.788,0.007,4096,20,22,48,92716032,12595462668.0,112
860,7.793,0.005,4096,20,22,45,92367872,17226326357.0,112
861,7.799,0.005,4096,20,20,41,91319296,18782210649.5,112
862,7.808,0.009,4096,20,35,77,131820544,14428733003.3,112
863,7.822,0.014,4096,7,18,73,85961728,6216399539.0,112
864,7.830,0.007,4096,9,12,66,50870272,7361802967.8,112
865,7.840,0.010,4096,20,35,77,132333568,13781497965.6,112
866,7.845,0.004,4096,8,10,39,49441792,11491442160.9,112
867,7.864,0.019,4096,15,61,94,246699008,13078771525.7,112
868,7.869,0.005,4096,20,22,40,92729344,20469665255.8,112
869,7.873,0.004,4096,20,22,38,92269568,22733824279.8,112
870,7.879,0.005,4096,20,20,42,91159552,18930809379.1,112
871,7.892,0.013,4096,20,35,77,132560896,9959512032.3,112
872,7.903,0.011,4096,7,18,79,85552128,8014756903.6,112
873,7.910,0.007,4096,9,12,65,50706432,7677004731.0,112
874,7.923,0.012,4096,20,35,66,130941952,10914474274.3,112
875,7.928,0.005,4096,8,10,39,49679360,10627323954.9,112
876,7.945,0.017,4096,18,61,105,271121408,16191926605.9,112
877,7.953,0.008,4096,20,22,42,92732416,11699572692.2,112
878,7.959,0.005,4096,20,22,40,92667904,19626506358.4,112
879,7.963,0.004,4096,20,20,38,91336704,20502940417.2,112
880,7.972,0.008,4096,20,35,68,133771264,15947980770.1,112
881,7.988,0.016,4096,7,18,98,86764544,5507706290.6,112
882,7.997,0.008,4096,9,12,72,51414016,6411091306.7,112
883,8.006,0.009,4096,20,35,73,131621888,14962376676.1,112
884,8.011,0.004,4096,8,10,39,49290240,11614069803.3,112
885,8.027,0.016,4096,30,38,73,199503872,12279272633.1,112
886,8.032,0.005,4096,20,22,40,92880896,20109256642.3,112
887,8.037,0.004,4096,20,22,38,92444672,22240555879.9,112
888,8.043,0.005,4096,20,20,49,91011072,17091168790.4,112
889,8.054,0.011,4096,20,35,76,132578304,12133738980.1,112
890,8.066,0.011,4096,7,18,70,85569536,7683370508.3,112
891,8.073,0.007,4096,9,12,63,50942976,7496643483.5,112
892,8.083,0.010,4096,20,35,75,134424576,13325302869.7,112
893,8.093,0.009,4096,8,10,54,48826368,5351097566.2,112
894,8.107,0.014,4096,35,40,89,172533760,12366289940.1,112
895,8.112,0.004,4096,20,22,38,92472320,21058639792.2,112
896,8.117,0.004,4096,20,22,40,92809216,21335035062.5,112
897,8.126,0.009,4096,20,22,50,92540928,10401694018.1,112
898,8.133,0.006,4096,20,20,48,91974656,15416763914.0,112
899,8.142,0.009,4096,20,35,77,131085312,14265994069.2,112
900,8.153,0.010,4096,7,18,78,87142400,8789604707.6,112
901,8.164,0.010,4096,9,12,62,50929664,4853439918.5,112
902,8.173,0.009,4096,20,35,73,131400704,14905691266.4,112
903,8.180,0.006,4096,8,10,54,49077248,8014413689.4,112
904,8.196,0.015,4096,25,38,76,158516224,10277785223.3,112
905,8.202,0.006,4096,20,22,48,92544000,16248674387.4,112
906,8.206,0.004,4096,20,22,38,92695552,21113096692.8,112
907,8.212,0.005,4096,20,20,48,91709440,17062069027.1,112
908,8.221,0.009,4096,20,35,71,131705856,15416292318.3,112
909,8.236,0.015,4096,7,18,81,86268928,5822266345.5,112
910,8.244,0.008,4096,9,12,74,51044352,6744927761.8,112
911,8.253,0.008,4096,20,35,66,130924544,15964361641.0,112
912,8.260,0.006,4096,8,10,48,48893952,7845587442.4,112
913,8.272,0.012,4096,15,35,65,144290816,11597997622.5,112
914,8.278,0.005,4096,20,22,40,93140992,19258279224.7,112
915,8.282,0.004,4096,20,22,38,92515328,22436242035.5,112
916,8.288,0.005,4096,20,20,48,91791360,17108480398.4,112
917,8.302,0.013,4096,20,35,79,130963456,10009904621.8,112
918,8.313,0.011,4096,7,18,79,85466112,7837105499.7,112
919,8.321,0.007,4096,9,12,62,50863104,7122784208.5,112
920,8.334,0.013,4096,20,35,74,131262464,10188232246.0,112
921,8.339,0.005,4096,8,10,42,49076224,10868911900.1,112
922,8.354,0.015,4096,18,63,92,231824384,15731180636.6,112
923,8.359,0.004,4096,20,22,39,92589056,21360801433.9,112
924,8.367,0.008,4096,20,22,38,92539904,12025228315.8,112
925,8.372,0.005,4096,20,20,38,91407360,19148452661.5,112
926,8.382,0.009,4096,20,35,78,132803584,14353524024.7,112
927,8.392,0.009,4096,7,18,70,86688768,9333586855.1,112
928,8.403,0.011,4096,9,12,71,50737152,4733323009.1,112
929,8.413,0.009,4096,20,35,74,132025344,14367209352.7,112
930,8.418,0.004,4096,8,10,39,48918528,10894034290.1,112
931,8.436,0.018,4096,15,61,94,246204416,13405088070.7,112
932,8.443,0.006,4096,20,22,48,92516352,15889828923.4,112
933,8.448,0.005,4096,20,22,48,92369920,17726306133.6,112
934,8.453,0.005,4096,20,20,41,91380736,20168340947.7,112
935,8.463,0.009,4096,20,35,77,129996800,13881235631.2,112
936,8.478,0.014,4096,7,18,74,85368832,5889831935.7,112
937,8.485,0.007,4096,9,12,65,50708480,7328168729.5,112
938,8.496,0.010,4096,20,35,77,132486144,12900571180.2,112
939,8.505,0.008,4096,8,10,43,49039360,5852255355.5,112
940,8.522,0.016,4096,18,61,103,270913536,16643282006.7,112
941,8.527,0.005,4096,20,22,48,92688384,17700459238.4,112
942,8.533,0.005,4096,20,22,38,92191744,18229215943.0,112
943,8.540,0.007,4096,20,20,38,91409408,13671955304.2,112
944,8.550,0.009,4096,20,35,77,134620160,14657587001.7,112
945,8.560,0.010,4096,7,18,73,87164928,8951955182.0,112
946,8.569,0.009,4096,9,12,67,50787328,5616004120.6,112
947,8.579,0.010,4096,20,35,66,131009536,13262172548.1,112
948,8.584,0.005,4096,8,10,39,48252928,10568226851.1,112
949,8.597,0.012,4096,30,38,73,199203840,16478294112.5,112
950,8.605,0.007,4096,20,22,38,92435456,13526544734.5,112
951,8.610,0.004,4096,20,22,38,92518400,20652092388.7,112
952,8.615,0.005,4096,20,20,38,91095040,19441019968.6,112
953,8.625,0.009,4096,20,35,77,131868672,14088480652.0,112
954,8.636,0.011,4096,7,18,75,86233088,8194551042.0,112
955,8.646,0.010,4096,9,12,77,50891776,4978453800.4,112
956,8.656,0.009,4096,20,35,77,132154368,14384137938.6,112
957,8.661,0.004,4096,8,10,39,49649664,11791594448.1,112
958,8.679,0.018,4096,35,40,89,173314048,9595492156.3,112
959,8.685,0.005,4096,20,22,45,92623872,17739119443.3,112
960,8.689,0.004,4096,20,22,38,92649472,22124422827.5,112
961,8.695,0.005,4096,20,22,48,92147712,17849411535.9,112
962,8.700,0.005,4096,20,20,38,91511808,20275626081.5,112
963,8.713,0.013,4096,20,35,72,132152320,10258269425.0,112
964,8.723,0.010,4096,7,18,74,87041024,8780049831.0,112
965,8.730,0.006,4096,9,12,60,50745344,8154165304.8,112
966,8.741,0.010,4096,20,35,69,133030912,12929362796.6,112
967,8.747,0.006,4096,8,10,45,49570816,7810890379.6,112
968,8.759,0.012,4096,25,38,76,158605312,13556342108.6,112
969,8.765,0.005,4096,20,22,42,92770304,19535196509.5,112
970,8.770,0.005,4096,20,22,48,92393472,17663884153.4,112
971,8.778,0.008,4096,20,20,41,91256832,11655534431.7,112
972,8.788,0.009,4096,20,35,73,132157440,14486350493.6,112
973,8.798,0.010,4096,7,18,73,86285312,8636273619.3,112
974,8.805,0.006,4096,9,12,62,50937856,7953116171.1,112
975,8.818,0.013,4096,20,35,72,131624960,10517530581.4,112
976,8.823,0.005,4096,8,10,43,49084416,10432383387.5,112
977,8.834,0.010,4096,15,35,67,144581632,13818323685.6,112
978,8.840,0.005,4096,20,22,47,92786688,18276608887.5,112
979,8.848,0.007,4096,20,22,38,92115968,12505641564.6,112
980,8.853,0.004,4096,20,20,38,91499520,20575389860.7,112
981,8.863,0.010,4096,20,35,78,133270528,13473034475.8,112
982,8.874,0.010,4096,7,18,78,86352896,8722607260.0,112
983,8.884,0.010,4096,9,12,55,50893824,5125158053.3,112
984,8.893,0.008,4096,20,35,66,130847744,16041056003.9,112
985,8.899,0.006,4096,8,10,52,48644096,8204029721.6,112
986,8.918,0.018,4096,18,63,92,229263360,12411747601.6,112
987,8.923,0.004,4096,20,22,40,92755968,20728605042.3,112
988,8.928,0.005,4096,20,22,38,92420096,20495923661.7,112
989,8.932,0.004,4096,20,20,38,91459584,21511145815.9,112
990,8.941,0.008,4096,20,35,66,132102144,15935148736.7,112
991,8.955,0.013,4096,7,18,70,85321728,6358596093.3,112
992,8.962,0.007,4096,9,12,62,50790400,7586497186.9,112
993,8.972,0.009,4096,20,35,77,131083264,14400489525.4,112
994,8.978,0.006,4096,8,10,53,49127424,8487303534.0,112
995,8.997,0.018,4096,15,61,94,246872064,13588014642.4,112
996,9.002,0.005,4096,20,22,38,92610560,18806473400.4,112
997,9.008,0.006,4096,20,22,48,92324864,16167423482.4,112
998,9.015,0.006,4096,20,20,38,91890688,15029467119.5,112
999,9.025,0.010,4096,20,35,68,133331968,13506786013.9,112
1000,9.036,0.011,4096,7,18,81,84620288,8048499319.5,112
1001,9.042,0.006,4096,9,12,54,50619392,8925384861.2,112
1002,9.056,0.013,4096,20,35,78,133118976,9977965107.6,112
1003,9.062,0.006,4096,8,10,53,48965632,8397823059.9,112
1004,9.079,0.016,4096,18,61,105,272222208,16585159552.4,112
1005,9.086,0.007,4096,20,22,38,92455936,12333123147.9,112
1006,9.092,0.005,4096,20,22,39,92368896,18774062825.3,112
1007,9.096,0.004,4096,20,20,38,91527168,22296405449.0,112
1008,9.107,0.009,4096,20,35,78,131752960,13961449885.5,112
1009,9.121,0.014,4096,7,18,75,85929984,6298859344.0,112
1010,9.131,0.009,4096,9,12,92,51028992,5382336096.0,112
1011,9.141,0.009,4096,20,35,77,132158464,13969540846.4,112
1012,9.146,0.005,4096,8,10,42,49778688,11020835196.8,112
1013,9.162,0.016,4096,30,38,73,200654848,12401485694.8,112
1014,9.168,0.005,4096,20,22,48,92790784,18073529563.6,112
1015,9.172,0.004,4096,20,22,38,92360704,21895206773.7,112
1016,9.177,0.004,4096,20,20,38,91430912,20650989116.7,112
1017,9.188,0.011,4096,20,35,66,132387840,12205133670.5,112
1018,9.200,0.011,4096,7,18,71,85594112,7869145495.4,112
1019,9.206,0.006,4096,9,12,57,51149824,8556361103.4,112
1020,9.215,0.009,4096,20,35,77,131796992,14508318806.3,112
1021,9.226,0.010,4096,8,10,60,49021952,4679871359.3,112
1022,9.241,0.014,4096,35,40,89,173144064,12106905508.0,112
1023,9.247,0.005,4096,20,23,48,92822528,18068141237.6,112
1024,9.251,0.004,4096,20,22,38,92326912,21750361202.8,112
1025,9.261,0.009,4096,20,22,47,92541952,10230501130.3,112
1026,9.265,0.004,4096,20,20,38,91360256,21492419450.1,112
1027,9.274,0.008,4096,20,35,66,131146752,16052483557.6,112
1028,9.285,0.010,4096,7,18,78,85625856,8263609848.4,112
1029,9.296,0.010,4096,9,12,65,50721792,4896562516.4,112
1030,9.305,0.009,4096,20,35,77,132156416,13949783849.5,112
1031,9.310,0.004,4096,8,10,39,48654336,11552439721.9,112
1032,9.325,0.014,4096,25,38,76,158755840,11214537405.2,112
1033,9.331,0.005,4096,20,22,44,92560384,16923891440.3,112
1034,9.337,0.006,4096,20,22,48,92259328,16371578264.6,112
1035,9.342,0.005,4096,20,20,41,91565056,17584016558.3,112
1036,9.352,0.009,4096,20,35,77,132677632,14428678826.9,112
1037,9.367,0.014,4096,7,18,80,85291008,5897286374.6,112
1038,9.376,0.009,4096,9,12,86,50934784,5662985608.5,112
1039,9.386,0.009,4096,20,35,77,132632576,14361083443.3,112
1040,9.393,0.007,4096,8,10,39,49232896,7025778366.4,112
1041,9.405,0.012,4096,15,35,67,144939008,12393930267.5,112
1042,9.411,0.005,4096,20,22,49,92351488,18190043598.3,112
1043,9.416,0.005,4096,20,22,43,92525568,19189630756.6,112
1044,9.421,0.005,4096,20,20,38,91674624,19506534050.8,112
1045,9.434,0.013,4096,20,35,68,131463168,10059002670.8,112
1046,9.446,0.012,4096,7,18,90,86605824,7520396966.9,112
1047,9.455,0.008,4096,9,12,73,51034112,6186234912.0,112
1048,9.468,0.013,4096,20,35,77,132594688,10507919611.7,112
1049,9.473,0.005,4096,8,10,46,49704960,10031528551.5,112
1050,9.489,0.015,4096,18,63,92,232120320,15670808164.2,112
1051,9.497,0.008,4096,20,22,41,92625920,12334007874.2,112
1052,9.502,0.005,4096,20,22,38,92326912,19316356771.0,112
1053,9.507,0.004,4096,20,20,36,91470848,21251577358.0,112
1054,9.516,0.009,4096,20,35,72,133150720,15373811364.9,112
1055,9.526,0.010,4096,7,18,71,86172672,9038959044.6,112
1056,9.537,0.010,4096,9,12,63,50305024,4868443125.8,112
1057,9.546,0.009,4096,20,35,77,131001344,14399916987.0,112
1058,9.552,0.005,4096,8,10,48,49154048,9205798482.5,112
1059,9.571,0.019,4096,15,61,94,246405120,13255856328.0,112
1060,9.576,0.005,4096,20,22,42,92706816,19762529417.8,112
1061,9.582,0.005,4096,20,22,48,92234752,17253895301.6,112
1062,9.587,0.005,4096,20,20,38,91325440,19447123032.1,112
1063,9.597,0.009,4096,20,35,77,133960704,14735116768.8,112
1064,9.610,0.013,4096,7,18,69,85432320,6412348844.2,112
1065,9.619,0.009,4096,9,12,80,51121152,5956611398.4,112
1066,9.629,0.009,4096,20,35,77,133032960,14193381398.9,112
1067,9.638,0.008,4096,8,10,44,48596992,5740025026.2,112
1068,9.654,0.016,4096,18,61,96,271052800,17200029164.6,112
1069,9.659,0.004,4096,20,22,38,92830720,21824056633.5,112
1070,9.664,0.005,4096,20,22,48,92252160,17707275360.4,112
1071,9.673,0.009,4096,20,20,46,91650048,10651978373.0,112
1072,9.683,0.010,4096,20,35,78,132270080,13902944117.7,112
1073,9.693,0.009,4096,7,18,72,85570560,9145332239.9,112
1074,9.701,0.008,4096,9,12,60,51019776,6451146512.4,112
1075,9.713,0.011,4096,20,35,78,132763648,11968509513.5,112
1076,9.720,0.007,4096,8,10,60,49205248,7431662877.7,112
1077,9.733,0.012,4096,30,38,76,199776256,16235716661.7,112
1078,9.741,0.007,4096,20,22,38,92499968,12353293636.3,112
1079,9.745,0.004,4096,20,22,38,92639232,22295704527.5,112
1080,9.750,0.005,4096,20,20,41,91790336,19429490934.0,112
1081,9.759,0.008,4096,20,35,66,133699584,16344848276.1,112
1082,9.773,0.013,4096,7,18,74,85357568,6380327222.3,112
1083,9.781,0.007,4096,9,12,68,50432000,6744974638.1,112
1084,9.789,0.008,4096,20,35,67,131684352,15981473366.0,112
1085,9.794,0.005,4096,8,10,42,48827392,10109061125.9,112
1086,9.814,0.019,4096,35,40,97,173180928,9230136153.1,112
1087,9.820,0.006,4096,20,22,49,92532736,15886536434.0,112
1088,9.824,0.004,4096,20,22,38,92680192,21819857064.7,112
1089,9.830,0.005,4096,20,22,45,92250112,18472237112.4,112
1090,9.837,0.007,4096,20,20,45,91386880,13668354816.2,112
1091,9.847,0.010,4096,20,35,67,132144128,13502844357.8,112
1092,9.857,0.010,4096,7,18,74,84669440,8712717564.7,112
1093,9.866,0.008,4096,9,12,77,50911232,6341557145.3,112
1094,9.880,0.013,4096,20,35,77,132946944,9897601873.9,112
1095,9.885,0.005,4096,8,10,42,49394688,10663350741.9,112
1096,9.897,0.012,4096,25,38,76,158517248,13763751335.1,112
1097,9.902,0.004,4096,20,22,38,92525568,20641141485.5,112
1098,9.909,0.007,4096,20,22,38,92413952,12400264660.1,112
1099,9.915,0.005,4096,20,20,38,91600896,18127871488.1,112
1100,9.925,0.009,4096,20,35,76,132372480,13940105322.3,112
1101,9.935,0.010,4096,7,18,72,86340608,8613730672.9,112
1102,9.947,0.011,4096,9,12,71,51002368,4582943059.9,112
1103,9.956,0.009,4096,20,35,72,132953088,15210189526.3,112
1104,9.962,0.005,4096,8,10,44,49326080,10406106695.0,112
1105,9.972,0.010,4096,15,35,65,143449088,13946995441.3,112
1106,9.980,0.008,4096,20,22,38,92868608,12112637346.9,112
1107,9.986,0.005,4096,20,22,38,92562432,20355296141.3,112
1108,9.991,0.005,4096,20,20,42,91551744,19319645732.3,112
1109,10.000,0.009,4096,20,35,75,132835328,14893394013.8,112
1110,10.014,0.014,4096,7,18,84,85188608,6122586842.8,112
1111,10.022,0.007,4096,9,12,65,51086336,7415078058.4,112
1112,10.030,0.008,4096,20,35,66,132794368,16186868747.8,112
1113,10.036,0.005,4096,8,10,46,49120256,9908453387.6,112
1114,10.054,0.018,4096,18,63,92,228466688,12374411229.3,112
1115,10.060,0.005,4096,20,22,43,92801024,18802097545.3,112
1116,10.064,0.004,4096,20,22,38,92599296,21508294809.0,112
1117,10.070,0.005,4096,20,20,43,91385856,18842619364.5,112
1118,10.082,0.012,4096,20,35,68,133060608,11531058451.2,112
1119,10.093,0.011,4096,7,18,79,85369856,8050848782.7,112
1120,10.100,0.006,4096,9,12,63,50636800,7813297301.0,112
1121,10.112,0.011,4096,20,35,78,132149248,11720054160.0,112
1122,10.118,0.006,4096,8,10,47,48620544,8227675614.6,112
1123,10.133,0.015,4096,15,61,94,246518784,16589435817.8,112
1124,10.138,0.004,4096,20,22,41,92646400,21338669474.8,112
1125,10.143,0.004,4096,20,22,38,92489728,21344474617.2,112
1126,10.152,0.009,4096,20,20,48,91079680,10347446149.7,112
1127,10.162,0.010,4096,20,35,77,131546112,13291501705.2,112
1128,10.172,0.009,4096,7,18,72,86254592,9103313999.8,112
1129,10.183,0.010,4096,9,12,60,50734080,5180093581.3,112
1130,10.193,0.010,4096,20,35,77,132796416,13628053695.2,112
1131,10.197,0.004,4096,8,10,39,48944128,11014920650.4,112
1132,10.220,0.021,4096,18,61,112,269521920,12614577146.5,112
1133,10.225,0.005,4096,20,22,48,92869632,17878977688.8,112
1134,10.230,0.004,4096,20,22,38,92422144,22348502815.6,112
1135,10.236,0.005,4096,20,20,50,91685888,16784144103.0,112
1136,10.245,0.009,4096,20,35,77,132262912,14481187461.9,112
1137,10.260,0.014,4096,7,18,78,85877760,6165102713.2,112
1138,10.266,0.006,4096,9,12,62,50704384,7886368959.9,112
1139,10.275,0.008,4096,20,35,66,132421632,16106511355.9,112
1140,10.280,0.005,4096,8,10,40,49174528,10897496510.2,112
1141,10.297,0.016,4096,30,38,73,201273344,12486215978.9,112
1142,10.303,0.006,4096,20,22,48,92720128,16417351445.0,112
1143,10.307,0.004,4096,20,22,38,92647424,21506295960.4,112
1144,10.312,0.004,4096,20,20,38,91573248,20373728633.9,112
1145,10.325,0.013,4096,20,35,77,130433024,10261299026.9,112
1146,10.337,0.011,4096,7,18,80,85595136,7882109357.6,112
1147,10.343,0.006,4096,9,12,54,51184640,8863352925.1,112
1148,10.355,0.012,4096,20,35,66,131595264,11134135798.4,112
1149,10.360,0.005,4096,8,10,40,49582080,10717140740.1,112
1150,10.375,0.015,4096,35,40,100,172963840,11805846999.9,112
1151,10.381,0.005,4096,20,22,48,92688384,17665485834.1,112
1152,10.392,0.011,4096,20,22,63,92416000,8711155937.1,112
1153,10.397,0.005,4096,20,22,38,92788736,20016899075.0,112
1154,10.402,0.004,4096,20,20,38,91532288,21480190047.9,112
1155,10.412,0.010,4096,20,35,77,131779584,13612146394.8,112
1156,10.425,0.013,4096,7,18,72,84728832,6585676573.9,112
1157,10.432,0.007,4096,9,12,63,50841600,7655414785.7,112
1158,10.442,0.009,4096,20,35,77,132175872,13917317936.0,112
1159,10.449,0.006,4096,8,10,55,49306624,7880043809.1,112
1160,10.465,0.016,4096,25,38,76,158409728,10005979089.7,112
1161,10.473,0.007,4096,20,22,63,92896256,13405674364.3,112
1162,10.477,0.004,4096,20,22,38,92397568,20844590911.9,112
1163,10.482,0.004,4096,20,20,38,91324416,21701822537.0,112
1164,10.496,0.013,4096,20,35,78,131198976,10025931295.5,112
1165,10.506,0.010,4096,7,18,75,84876288,8271271365.0,112
1166,10.514,0.007,4096,9,12,68,51268608,7327210342.2,112
1167,10.528,0.014,4096,20,35,77,132998144,9318316015.3,112
1168,10.534,0.005,4096,8,10,39,49389568,9592116489.2,112
1169,10.545,0.011,4096,15,35,67,143522816,13457925725.4,112
1170,10.550,0.004,4096,20,22,38,92530688,20694988598.0,112
1171,10.555,0.004,4096,20,22,38,92493824,22261984005.0,112
1172,10.563,0.008,4096,20,20,42,91453440,10942287556.8,112
1173,10.573,0.009,4096,20,35,77,132451328,14753608081.5,112
1174,10.584,0.011,4096,7,18,86,85209088,7686734391.1,112
1175,10.595,0.010,4096,9,12,64,50893824,5138912783.1,112
1176,10.605,0.010,4096,20,35,77,134203392,13031450737.7,112
1177,10.611,0.005,4096,8,10,44,48629760,10286983506.5,112
1178,10.628,0.016,4096,18,63,92,231516160,14467965068.1,112
1179,10.634,0.006,4096,20,22,38,92787712,16417483963.4,112
1180,10.638,0.004,4096,20,22,39,92188672,22477876442.8,112
1181,10.643,0.005,4096,20,20,38,91324416,19032700399.5,112
1182,10.653,0.009,4096,20,35,77,130601984,13961219187.2,112
1183,10.667,0.014,4096,7,18,81,85277696,6120357996.1,112
1184,10.674,0.006,4096,9,12,55,51035136,8704499942.4,112
1185,10.684,0.009,4096,20,35,77,134010880,14307690517.3,112
1186,10.689,0.005,4096,8,10,47,48935936,9013168717.9,112
1187,10.708,0.018,4096,15,61,94,246238208,13367262454.4,112
1188,10.713,0.004,4096,20,22,38,92705792,20703225191.2,112
1189,10.717,0.004,4096,20,22,36,92232704,23613694056.1,112
1190,10.722,0.005,4096,20,20,40,91657216,19926001547.9,112
1191,10.736,0.013,4096,20,35,77,131631104,10276428695.0,112
1192,10.747,0.011,4096,7,18,77,85354496,8108389637.0,112
1193,10.755,0.008,4096,9,12,74,50806784,6496968891.0,112
1194,10.769,0.013,4096,20,35,77,131085312,10174467189.4,112
1195,10.773,0.004,4096,8,10,39,49551360,11266294468.5,112
1196,10.791,0.017,4096,18,61,105,269893632,16000020867.5,112
1197,10.798,0.007,4096,20,22,45,92894208,14100635023.5,112
1198,10.805,0.007,4096,20,22,48,92508160,13355572370.1,112
1199,10.810,0.005,4096,20,20,43,91554816,19309418472.2,112
1200,10.820,0.009,4096,20,35,77,133548032,14380064403.8,112
1201,10.832,0.012,4096,7,18,74,85822464,7319102513.8,112
1202,10.842,0.009,4096,9,12,73,50721792,5495190740.4,112
1203,10.851,0.009,4096,20,35,72,133321728,15473023414.2,112
1204,10.856,0.005,4096,8,10,42,48762880,10447781852.2,112
1205,10.872,0.016,4096,30,38,73,199364608,12713282318.1,112
1206,10.877,0.005,4096,20,22,38,92561408,20331200229.8,112
1207,10.882,0.005,4096,20,22,38,92444672,20532633665.8,112
1208,10.887,0.005,4096,20,20,38,91516928,19366801158.2,112
1209,10.897,0.009,4096,20,35,77,132345856,14212229214.2,112
1210,10.910,0.013,4096,7,18,70,83159040,6472579909.4,112
